-- Populate hotel
INSERT INTO hotel (hotelId, name, brand) VALUES
  (1, 'Seaside Grand Hotel', 'Club Med'),
  (2, 'Mountain View Resort', 'High Peak Hospitality'),
  (3, 'City Center Hotel', 'UrbanStay Group');

-- Populate building
INSERT INTO building (buildingId, hotelId, name) VALUES
  (1, 1, 'Main Tower'),
  (2, 1, 'Ocean Wing'),
  (3, 2, 'Summit Lodge'),
  (4, 3, 'City Tower');

-- Populate wing
INSERT INTO wing (wingId, buildingId, name, nearPool, nearParking, handicapAccessible) VALUES
  (1, 1, 'North Wing', 0, 1, 1),
  (2, 1, 'South Wing', 0, 0, 0),
  (3, 2, 'East Wing', 1, 0, 1),
  (4, 2, 'West Wing', 1, 1, 0),
  (5, 3, 'Summit Wing', 1, 1, 1),
  (6, 3, 'Valley Wing', 0, 1, 0),
  (7, 4, 'City East Wing', 0, 1, 1),
  (8, 4, 'City West Wing', 0, 0, 1);

-- Populate floor
INSERT INTO floor (floorId, wingId, smokingPolicy, level) VALUES
  (1, 1, 'Non-smoking', 1),
  (2, 1, 'Non-smoking', 2),
  (3, 1, 'Smoking', 3),
  (4, 2, 'Non-smoking', 1),
  (5, 2, 'Non-smoking', 2),
  (6, 2, 'Smoking', 3),
  (7, 3, 'Non-smoking', 1),
  (8, 3, 'Non-smoking', 2),
  (9, 3, 'Smoking', 3),
  (10, 4, 'Non-smoking', 1),
  (11, 4, 'Non-smoking', 2),
  (12, 4, 'Smoking', 3),
  (13, 5, 'Non-smoking', 1),
  (14, 5, 'Non-smoking', 2),
  (15, 6, 'Non-smoking', 1),
  (16, 6, 'Smoking', 2),
  (17, 7, 'Non-smoking', 1),
  (18, 8, 'Non-smoking', 1);

-- Populate room_type
INSERT INTO room_type (roomTypeId, name) VALUES
  (1, 'Standard King'),
  (2, 'Standard Double'),
  (3, 'Deluxe King'),
  (4, 'Suite'),
  (5, 'Accessible King');

-- Populate status_type
INSERT INTO status_type (statusId, name) VALUES
  (1, 'Available'),
  (2, 'Occupied'),
  (3, 'Out of Service');

-- Populate amenity
INSERT INTO amenity (amenityId, name) VALUES
  (1, 'Mini Fridge'),
  (2, 'Ocean View'),
  (3, 'Balcony'),
  (4, 'Coffee Maker'),
  (5, 'Sofa Bed'),
  (6, 'Kitchenette');

-- Populate bed_type
INSERT INTO bed_type (bedId, name) VALUES
  (1, 'King'),
  (2, 'Queen'),
  (3, 'Double'),
  (4, 'Twin');

-- Populate room
INSERT INTO room (roomId, wingId, roomTypeId, floorId, statusId, roomNumber, baseDailyRate, maxOccupancy) VALUES
  (1, 1, 1, 1, 1, '1011', 180.00, 2),
  (2, 1, 1, 1, 1, '1021', 180.00, 2),
  (3, 1, 2, 1, 1, '1031', 190.00, 4),
  (4, 1, 3, 1, 1, '1041', 230.00, 3),
  (5, 1, 4, 1, 1, '1051', 320.00, 5),
  (6, 1, 1, 2, 1, '2011', 180.00, 2),
  (7, 1, 1, 2, 1, '2021', 180.00, 2),
  (8, 1, 2, 2, 1, '2031', 190.00, 4),
  (9, 1, 3, 2, 1, '2041', 230.00, 3),
  (10, 1, 4, 2, 1, '2051', 320.00, 5),
  (11, 1, 1, 3, 1, '3011', 180.00, 2),
  (12, 1, 1, 3, 1, '3021', 180.00, 2),
  (13, 1, 2, 3, 1, '3031', 190.00, 4),
  (14, 1, 3, 3, 1, '3041', 230.00, 3),
  (15, 1, 4, 3, 1, '3051', 320.00, 5),
  (16, 2, 1, 4, 1, '1012', 180.00, 2),
  (17, 2, 1, 4, 1, '1022', 180.00, 2),
  (18, 2, 2, 4, 1, '1032', 190.00, 4),
  (19, 2, 3, 4, 1, '1042', 230.00, 3),
  (20, 2, 4, 4, 1, '1052', 320.00, 5),
  (21, 2, 1, 5, 1, '2012', 180.00, 2),
  (22, 2, 1, 5, 1, '2022', 180.00, 2),
  (23, 2, 2, 5, 1, '2032', 190.00, 4),
  (24, 2, 3, 5, 1, '2042', 230.00, 3),
  (25, 2, 4, 5, 1, '2052', 320.00, 5),
  (26, 2, 1, 6, 1, '3012', 180.00, 2),
  (27, 2, 1, 6, 1, '3022', 180.00, 2),
  (28, 2, 2, 6, 1, '3032', 190.00, 4),
  (29, 2, 3, 6, 1, '3042', 230.00, 3),
  (30, 2, 4, 6, 1, '3052', 320.00, 5),
  (31, 3, 1, 7, 1, '1013', 180.00, 2),
  (32, 3, 1, 7, 1, '1023', 180.00, 2),
  (33, 3, 2, 7, 1, '1033', 190.00, 4),
  (34, 3, 3, 7, 1, '1043', 230.00, 3),
  (35, 3, 4, 7, 1, '1053', 320.00, 5),
  (36, 3, 1, 8, 1, '2013', 180.00, 2),
  (37, 3, 1, 8, 1, '2023', 180.00, 2),
  (38, 3, 2, 8, 1, '2033', 190.00, 4),
  (39, 3, 3, 8, 1, '2043', 230.00, 3),
  (40, 3, 4, 8, 1, '2053', 320.00, 5),
  (41, 3, 1, 9, 1, '3013', 180.00, 2),
  (42, 3, 1, 9, 1, '3023', 180.00, 2),
  (43, 3, 2, 9, 1, '3033', 190.00, 4),
  (44, 3, 3, 9, 1, '3043', 230.00, 3),
  (45, 3, 4, 9, 1, '3053', 320.00, 30),
  (46, 4, 1, 10, 1, '1014', 180.00, 40),
  (47, 4, 1, 10, 1, '1024', 180.00, 35),
  (48, 4, 2, 10, 1, '1034', 190.00, 40),
  (49, 4, 3, 10, 1, '1044', 230.00, 30),
  (50, 4, 4, 10, 1, '1054', 320.00, 54),
  (51, 4, 1, 11, 1, '2014', 180.00, 26),
  (52, 4, 1, 11, 1, '2024', 180.00, 2),
  (53, 4, 2, 11, 1, '2034', 190.00, 4),
  (54, 4, 3, 11, 1, '2044', 230.00, 3),
  (55, 4, 4, 11, 1, '2054', 320.00, 5),
  (56, 4, 1, 12, 1, '3014', 180.00, 2),
  (57, 4, 1, 12, 1, '3024', 180.00, 2),
  (58, 4, 2, 12, 1, '3034', 190.00, 4),
  (59, 4, 3, 12, 1, '3044', 230.00, 3),
  (60, 4, 4, 12, 1, '3054', 320.00, 5),
  (61, 5, 1, 13, 1, '1015', 180.00, 2),
  (62, 5, 2, 13, 1, '1025', 190.00, 4),
  (63, 5, 3, 14, 1, '2015', 230.00, 3),
  (64, 5, 4, 14, 1, '2025', 320.00, 5),
  (65, 6, 1, 15, 1, '1016', 180.00, 2),
  (66, 6, 2, 15, 1, '1026', 190.00, 4),
  (67, 6, 3, 16, 1, '2016', 230.00, 3),
  (68, 6, 4, 16, 1, '2026', 320.00, 5),
  (69, 7, 1, 17, 1, '1017', 220.00, 2),
  (70, 8, 4, 18, 1, '1018', 350.00, 4);

-- Populate room_bed
INSERT INTO room_bed (roomId, bedId, count) VALUES
  (1, 1, 1),
  (2, 1, 1),
  (3, 3, 2),
  (4, 1, 1),
  (5, 1, 1),
  (5, 4, 1),
  (6, 1, 1),
  (7, 1, 1),
  (8, 3, 2),
  (9, 1, 1),
  (10, 1, 1),
  (10, 4, 1),
  (11, 1, 1),
  (12, 1, 1),
  (13, 3, 2),
  (14, 1, 1),
  (15, 1, 1),
  (15, 4, 1),
  (16, 1, 1),
  (17, 1, 1),
  (18, 3, 2),
  (19, 1, 1),
  (20, 1, 1),
  (20, 4, 1),
  (21, 1, 1),
  (22, 1, 1),
  (23, 3, 2),
  (24, 1, 1),
  (25, 1, 1),
  (25, 4, 1),
  (26, 1, 1),
  (27, 1, 1),
  (28, 3, 2),
  (29, 1, 1),
  (30, 1, 1),
  (30, 4, 1),
  (31, 1, 1),
  (32, 1, 1),
  (33, 3, 2),
  (34, 1, 1),
  (35, 1, 1),
  (35, 4, 1),
  (36, 1, 1),
  (37, 1, 1),
  (38, 3, 2),
  (39, 1, 1),
  (40, 1, 1),
  (40, 4, 1),
  (41, 1, 1),
  (42, 1, 1),
  (43, 3, 2),
  (44, 1, 1),
  (45, 1, 1),
  (45, 4, 1),
  (46, 1, 1),
  (47, 1, 1),
  (48, 3, 2),
  (49, 1, 1),
  (50, 1, 1),
  (50, 4, 1),
  (51, 1, 1),
  (52, 1, 1),
  (53, 3, 2),
  (54, 1, 1),
  (55, 1, 1),
  (55, 4, 1),
  (56, 1, 1),
  (57, 1, 1),
  (58, 3, 2),
  (59, 1, 1),
  (60, 1, 1),
  (60, 4, 1),
  (61, 1, 1),
  (62, 3, 2),
  (63, 1, 1),
  (64, 1, 1),
  (64, 4, 1),
  (65, 1, 1),
  (66, 3, 2),
  (67, 1, 1),
  (68, 1, 1),
  (68, 4, 1),
  (69, 1, 1),
  (70, 1, 1),
  (70, 4, 1);

-- Populate room_amenity
INSERT INTO room_amenity (roomId, amenityId, count) VALUES
  (1, 4, 1),
  (2, 4, 1),
  (2, 1, 1),
  (3, 4, 1),
  (4, 4, 1),
  (4, 1, 1),
  (5, 4, 1),
  (6, 4, 1),
  (6, 1, 1),
  (7, 4, 1),
  (8, 4, 1),
  (8, 1, 1),
  (9, 4, 1),
  (10, 4, 1),
  (10, 1, 1),
  (11, 4, 1),
  (11, 2, 1),
  (11, 3, 1),
  (12, 4, 1),
  (12, 1, 1),
  (12, 2, 1),
  (12, 3, 1),
  (13, 4, 1),
  (13, 2, 1),
  (13, 3, 1),
  (14, 4, 1),
  (14, 1, 1),
  (14, 2, 1),
  (14, 3, 1),
  (15, 4, 1),
  (15, 2, 1),
  (15, 3, 1),
  (16, 4, 1),
  (16, 1, 1),
  (17, 4, 1),
  (18, 4, 1),
  (18, 1, 1),
  (19, 4, 1),
  (20, 4, 1),
  (20, 1, 1),
  (21, 4, 1),
  (22, 4, 1),
  (22, 1, 1),
  (23, 4, 1),
  (24, 4, 1),
  (24, 1, 1),
  (25, 4, 1),
  (26, 4, 1),
  (26, 1, 1),
  (26, 2, 1),
  (26, 3, 1),
  (27, 4, 1),
  (27, 2, 1),
  (27, 3, 1),
  (28, 4, 1),
  (28, 1, 1),
  (28, 2, 1),
  (28, 3, 1),
  (29, 4, 1),
  (29, 2, 1),
  (29, 3, 1),
  (30, 4, 1),
  (30, 1, 1),
  (30, 2, 1),
  (30, 3, 1),
  (31, 4, 1),
  (32, 4, 1),
  (32, 1, 1),
  (33, 4, 1),
  (34, 4, 1),
  (34, 1, 1),
  (35, 4, 1),
  (36, 4, 1),
  (36, 1, 1),
  (37, 4, 1),
  (38, 4, 1),
  (38, 1, 1),
  (39, 4, 1),
  (40, 4, 1),
  (40, 1, 1),
  (41, 4, 1),
  (41, 2, 1),
  (41, 3, 1),
  (42, 4, 1),
  (42, 1, 1),
  (42, 2, 1),
  (42, 3, 1),
  (43, 4, 1),
  (43, 2, 1),
  (43, 3, 1),
  (44, 4, 1),
  (44, 1, 1),
  (44, 2, 1),
  (44, 3, 1),
  (45, 4, 1),
  (45, 2, 1),
  (45, 3, 1),
  (46, 4, 1),
  (46, 1, 1),
  (47, 4, 1),
  (48, 4, 1),
  (48, 1, 1),
  (49, 4, 1),
  (50, 4, 1),
  (50, 1, 1),
  (51, 4, 1),
  (52, 4, 1),
  (52, 1, 1),
  (53, 4, 1),
  (54, 4, 1),
  (54, 1, 1),
  (55, 4, 1),
  (56, 4, 1),
  (56, 1, 1),
  (56, 2, 1),
  (56, 3, 1),
  (57, 4, 1),
  (57, 2, 1),
  (57, 3, 1),
  (58, 4, 1),
  (58, 1, 1),
  (58, 2, 1),
  (58, 3, 1),
  (59, 4, 1),
  (59, 2, 1),
  (59, 3, 1),
  (60, 4, 1),
  (60, 1, 1),
  (60, 2, 1),
  (60, 3, 1),
  (61, 4, 1),
  (62, 4, 1), 
  (62, 1, 1),
  (63, 4, 1), 
  (63, 2, 1),
  (64, 4, 1), 
  (64, 2, 1), 
  (64, 3, 1),
  (65, 4, 1),
  (66, 4, 1), 
  (66, 1, 1),
  (67, 4, 1), 
  (67, 2, 1),
  (68, 4, 1), 
  (68, 2, 1), 
  (68, 3, 1),
  (69, 4, 1), 
  (69, 2, 1),
  (70, 4, 1), 
  (70, 2, 1), 
  (70, 3, 1);

-- Populate room_adjacency
INSERT INTO room_adjacency (roomId, adjacentRoomId, adjacencyType) VALUES
  (1, 2, 'Adjacent'),
  (2, 1, 'Adjacent'),
  (3, 4, 'Adjacent'),
  (4, 3, 'Adjacent'),
  (5, 6, 'Adjacent'),
  (6, 5, 'Adjacent'),
  (7, 8, 'Adjacent'),
  (8, 7, 'Adjacent'),
  (9, 10, 'Adjacent'),
  (10, 9, 'Adjacent'),
  (11, 12, 'Adjacent'),
  (12, 11, 'Adjacent'),
  (13, 14, 'Adjacent'),
  (14, 13, 'Adjacent'),
  (15, 16, 'Adjacent'),
  (16, 15, 'Adjacent'),
  (17, 18, 'Adjacent'),
  (18, 17, 'Adjacent'),
  (19, 20, 'Adjacent'),
  (20, 19, 'Adjacent'),
  (21, 22, 'Adjacent'),
  (22, 21, 'Adjacent'),
  (23, 24, 'Adjacent'),
  (24, 23, 'Adjacent'),
  (25, 26, 'Adjacent'),
  (26, 25, 'Adjacent'),
  (27, 28, 'Adjacent'),
  (28, 27, 'Adjacent'),
  (29, 30, 'Adjacent'),
  (30, 29, 'Adjacent'),
  (31, 32, 'Adjacent'),
  (32, 31, 'Adjacent'),
  (33, 34, 'Adjacent'),
  (34, 33, 'Adjacent'),
  (35, 36, 'Adjacent'),
  (36, 35, 'Adjacent'),
  (37, 38, 'Adjacent'),
  (38, 37, 'Adjacent'),
  (39, 40, 'Adjacent'),
  (40, 39, 'Adjacent'),
  (41, 42, 'Adjacent'),
  (42, 41, 'Adjacent'),
  (43, 44, 'Adjacent'),
  (44, 43, 'Adjacent'),
  (45, 46, 'Adjacent'),
  (46, 45, 'Adjacent'),
  (47, 48, 'Adjacent'),
  (48, 47, 'Adjacent'),
  (49, 50, 'Adjacent'),
  (50, 49, 'Adjacent'),
  (51, 52, 'Adjacent'),
  (52, 51, 'Adjacent'),
  (53, 54, 'Adjacent'),
  (54, 53, 'Adjacent'),
  (55, 56, 'Adjacent'),
  (56, 55, 'Adjacent'),
  (57, 58, 'Adjacent'),
  (58, 57, 'Adjacent'),
  (59, 60, 'Adjacent'),
  (60, 59, 'Adjacent'),
  (61, 62, 'Adjacent'),
  (62, 61, 'Adjacent'),
  (63, 64, 'Adjacent'),
  (64, 63, 'Adjacent'),
  (65, 66, 'Adjacent'),
  (66, 65, 'Adjacent'),
  (69, 70, 'Adjacent'),
  (70, 69, 'Adjacent');

-- Populate party (customers)
INSERT INTO party (partyId, firstName, lastName, phone, email) VALUES
  (1, 'Jamie', 'Smith', '555-01001', 'jamie.smith1@example.com'),
  (2, 'Rowan', 'Smith', '555-01002', 'rowan.smith2@example.com'),
  (3, 'Riley', 'Garcia', '555-01003', 'riley.garcia3@example.com'),
  (4, 'Sam', 'Wilson', '555-01004', 'sam.wilson4@example.com'),
  (5, 'Jamie', 'Garcia', '555-01005', 'jamie.garcia5@example.com'),
  (6, 'Parker', 'Patel', '555-01006', 'parker.patel6@example.com'),
  (7, 'Avery', 'Wilson', '555-01007', 'avery.wilson7@example.com'),
  (8, 'Cameron', 'Clark', '555-01008', 'cameron.clark8@example.com'),
  (9, 'Rowan', 'Clark', '555-01009', 'rowan.clark9@example.com'),
  (10, 'Riley', 'Garcia', '555-01010', 'riley.garcia10@example.com'),
  (11, 'Casey', 'Garcia', '555-01011', 'casey.garcia11@example.com'),
  (12, 'Avery', 'Brown', '555-01012', 'avery.brown12@example.com'),
  (13, 'Quinn', 'Lopez', '555-01013', 'quinn.lopez13@example.com'),
  (14, 'Sam', 'Wilson', '555-01014', 'sam.wilson14@example.com'),
  (15, 'Jamie', 'Johnson', '555-01015', 'jamie.johnson15@example.com'),
  (16, 'Rowan', 'Smith', '555-01016', 'rowan.smith16@example.com'),
  (17, 'Sam', 'Wilson', '555-01017', 'sam.wilson17@example.com'),
  (18, 'Avery', 'Smith', '555-01018', 'avery.smith18@example.com'),
  (19, 'Taylor', 'Brown', '555-01019', 'taylor.brown19@example.com'),
  (20, 'Cameron', 'Clark', '555-01020', 'cameron.clark20@example.com'),
  (21, 'Casey', 'Lee', '555-01021', 'casey.lee21@example.com'),
  (22, 'Parker', 'Garcia', '555-01022', 'parker.garcia22@example.com'),
  (23, 'Jamie', 'Johnson', '555-01023', 'jamie.johnson23@example.com'),
  (24, 'Jordan', 'Smith', '555-01024', 'jordan.smith24@example.com'),
  (25, 'Chris', 'Patel', '555-01025', 'chris.patel25@example.com'),
  (26, 'Rowan', 'Smith', '555-01026', 'rowan.smith26@example.com'),
  (27, 'Rowan', 'Brown', '555-01027', 'rowan.brown27@example.com'),
  (28, 'Sam', 'Patel', '555-01028', 'sam.patel28@example.com'),
  (29, 'Chris', 'Lopez', '555-01029', 'chris.lopez29@example.com'),
  (30, 'Morgan', 'Garcia', '555-01030', 'morgan.garcia30@example.com'),
  (31, 'Casey', 'Smith', '555-01031', 'casey.smith31@example.com'),
  (32, 'Rowan', 'Smith', '555-01032', 'rowan.smith32@example.com'),
  (33, 'Sam', 'Lopez', '555-01033', 'sam.lopez33@example.com'),
  (34, 'Chris', 'Lopez', '555-01034', 'chris.lopez34@example.com'),
  (35, 'Morgan', 'Johnson', '555-01035', 'morgan.johnson35@example.com'),
  (36, 'Chris', 'Johnson', '555-01036', 'chris.johnson36@example.com'),
  (37, 'Avery', 'Johnson', '555-01037', 'avery.johnson37@example.com'),
  (38, 'Jamie', 'Davis', '555-01038', 'jamie.davis38@example.com'),
  (39, 'Parker', 'Clark', '555-01039', 'parker.clark39@example.com'),
  (40, 'Quinn', 'Patel', '555-01040', 'quinn.patel40@example.com'),
  (41, 'Drew', 'Clark', '555-01041', 'drew.clark41@example.com'),
  (42, 'Jamie', 'Patel', '555-01042', 'jamie.patel42@example.com'),
  (43, 'Alex', 'Patel', '555-01043', 'alex.patel43@example.com'),
  (44, 'Rowan', 'Lee', '555-01044', 'rowan.lee44@example.com'),
  (45, 'Avery', 'Patel', '555-01045', 'avery.patel45@example.com'),
  (46, 'Taylor', 'Clark', '555-01046', 'taylor.clark46@example.com'),
  (47, 'Chris', 'Wilson', '555-01047', 'chris.wilson47@example.com'),
  (48, 'Jamie', 'Smith', '555-01048', 'jamie.smith48@example.com'),
  (49, 'Cameron', 'Lopez', '555-01049', 'cameron.lopez49@example.com'),
  (50, 'Casey', 'Johnson', '555-01050', 'casey.johnson50@example.com'),
  (51, 'Drew', 'Brown', '555-01051', 'drew.brown51@example.com'),
  (52, 'Chris', 'Davis', '555-01052', 'chris.davis52@example.com'),
  (53, 'Casey', 'Lee', '555-01053', 'casey.lee53@example.com'),
  (54, 'Jamie', 'Clark', '555-01054', 'jamie.clark54@example.com'),
  (55, 'Casey', 'Smith', '555-01055', 'casey.smith55@example.com'),
  (56, 'Morgan', 'Davis', '555-01056', 'morgan.davis56@example.com'),
  (57, 'Riley', 'Lee', '555-01057', 'riley.lee57@example.com'),
  (58, 'Cameron', 'Clark', '555-01058', 'cameron.clark58@example.com'),
  (59, 'Riley', 'Brown', '555-01059', 'riley.brown59@example.com'),
  (60, 'Jordan', 'Smith', '555-01060', 'jordan.smith60@example.com'),
  (61, 'Jordan', 'Davis', '555-01061', 'jordan.davis61@example.com'),
  (62, 'Jamie', 'Brown', '555-01062', 'jamie.brown62@example.com'),
  (63, 'Alex', 'Smith', '555-01063', 'alex.smith63@example.com'),
  (64, 'Chris', 'Lee', '555-01064', 'chris.lee64@example.com'),
  (65, 'Alex', 'Johnson', '555-01065', 'alex.johnson65@example.com'),
  (66, 'Cameron', 'Smith', '555-01066', 'cameron.smith66@example.com'),
  (67, 'Avery', 'Davis', '555-01067', 'avery.davis67@example.com'),
  (68, 'Alex', 'Johnson', '555-01068', 'alex.johnson68@example.com'),
  (69, 'Jordan', 'Davis', '555-01069', 'jordan.davis69@example.com'),
  (70, 'Rowan', 'Brown', '555-01070', 'rowan.brown70@example.com'),
  (71, 'Jamie', 'Garcia', '555-01071', 'jamie.garcia71@example.com'),
  (72, 'Alex', 'Brown', '555-01072', 'alex.brown72@example.com'),
  (73, 'Drew', 'Patel', '555-01073', 'drew.patel73@example.com'),
  (74, 'Avery', 'Brown', '555-01074', 'avery.brown74@example.com'),
  (75, 'Taylor', 'Clark', '555-01075', 'taylor.clark75@example.com'),
  (76, 'Parker', 'Garcia', '555-01076', 'parker.garcia76@example.com'),
  (77, 'Alex', 'Smith', '555-01077', 'alex.smith77@example.com'),
  (78, 'Jordan', 'Lee', '555-01078', 'jordan.lee78@example.com'),
  (79, 'Parker', 'Patel', '555-01079', 'parker.patel79@example.com'),
  (80, 'Chris', 'Garcia', '555-01080', 'chris.garcia80@example.com');

-- Populate organization
INSERT INTO organization (orgId, partyId, name) VALUES
  (1, 1, 'Acme Corp'),
  (2, 2, 'Globex LLC'),
  (3, 3, 'Innotech'),
  (4, 4, 'Blue Ocean Ventures'),
  (5, 5, 'Sunrise Travel');

-- Populate customer_qualification
INSERT INTO customer_qualification (qualificationId, partyId, score, notes) VALUES
  (1, 1, 7, 'Standard profile'),
  (2, 2, 4, 'Standard profile'),
  (3, 3, 6, 'Standard profile'),
  (4, 4, 2, 'Standard profile'),
  (5, 5, 5, 'Standard profile'),
  (6, 6, 9, 'Frequent guest'),
  (7, 7, 3, 'Standard profile'),
  (8, 8, 5, 'Standard profile'),
  (9, 9, 8, 'Frequent guest'),
  (10, 10, 10, 'Frequent guest'),
  (11, 11, 2, 'Standard profile'),
  (12, 12, 2, 'Standard profile'),
  (13, 13, 4, 'Standard profile'),
  (14, 14, 1, 'Standard profile'),
  (15, 15, 5, 'Standard profile'),
  (16, 16, 4, 'Standard profile'),
  (17, 17, 3, 'Standard profile'),
  (18, 18, 4, 'Standard profile'),
  (19, 19, 10, 'Frequent guest'),
  (20, 20, 1, 'Standard profile'),
  (21, 21, 2, 'Standard profile'),
  (22, 22, 7, 'Standard profile'),
  (23, 23, 5, 'Standard profile'),
  (24, 24, 10, 'Frequent guest'),
  (25, 25, 6, 'Standard profile'),
  (26, 26, 6, 'Standard profile'),
  (27, 27, 1, 'Standard profile'),
  (28, 28, 4, 'Standard profile'),
  (29, 29, 7, 'Standard profile'),
  (30, 30, 7, 'Standard profile'),
  (31, 31, 3, 'Standard profile'),
  (32, 32, 6, 'Standard profile'),
  (33, 33, 4, 'Standard profile'),
  (34, 34, 9, 'Frequent guest'),
  (35, 35, 7, 'Standard profile'),
  (36, 36, 7, 'Standard profile'),
  (37, 37, 10, 'Frequent guest'),
  (38, 38, 1, 'Standard profile'),
  (39, 39, 1, 'Standard profile'),
  (40, 40, 7, 'Standard profile'),
  (41, 41, 9, 'Frequent guest'),
  (42, 42, 3, 'Standard profile'),
  (43, 43, 10, 'Frequent guest'),
  (44, 44, 10, 'Frequent guest'),
  (45, 45, 3, 'Standard profile'),
  (46, 46, 3, 'Standard profile'),
  (47, 47, 2, 'Standard profile'),
  (48, 48, 6, 'Standard profile'),
  (49, 49, 1, 'Standard profile'),
  (50, 50, 5, 'Standard profile'),
  (51, 51, 5, 'Standard profile'),
  (52, 52, 4, 'Standard profile'),
  (53, 53, 2, 'Standard profile'),
  (54, 54, 4, 'Standard profile'),
  (55, 55, 4, 'Standard profile'),
  (56, 56, 5, 'Standard profile'),
  (57, 57, 1, 'Standard profile'),
  (58, 58, 7, 'Standard profile'),
  (59, 59, 9, 'Frequent guest'),
  (60, 60, 6, 'Standard profile'),
  (61, 61, 5, 'Standard profile'),
  (62, 62, 1, 'Standard profile'),
  (63, 63, 6, 'Standard profile'),
  (64, 64, 9, 'Frequent guest'),
  (65, 65, 5, 'Standard profile'),
  (66, 66, 6, 'Standard profile'),
  (67, 67, 9, 'Frequent guest'),
  (68, 68, 10, 'Frequent guest'),
  (69, 69, 6, 'Standard profile'),
  (70, 70, 9, 'Frequent guest'),
  (71, 71, 9, 'Frequent guest'),
  (72, 72, 8, 'Frequent guest'),
  (73, 73, 7, 'Standard profile'),
  (74, 74, 2, 'Standard profile'),
  (75, 75, 10, 'Frequent guest'),
  (76, 76, 9, 'Frequent guest'),
  (77, 77, 7, 'Standard profile'),
  (78, 78, 2, 'Standard profile'),
  (79, 79, 6, 'Standard profile'),
  (80, 80, 4, 'Standard profile');

-- Populate guest
INSERT INTO guest (guestId, partyId, firstName, lastName) VALUES
  (1, 1, 'Alex', 'Smith'),
  (2, 2, 'Jordan', 'Lee'),
  (3, 3, 'Taylor', 'Brown'),
  (4, 4, 'Morgan', 'Davis'),
  (5, 5, 'Casey', 'Johnson'),
  (6, 6, 'Riley', 'Garcia'),
  (7, 7, 'Jamie', 'Wilson'),
  (8, 8, 'Avery', 'Clark'),
  (9, 9, 'Rowan', 'Lopez'),
  (10, 10, 'Parker', 'Patel'),
  (11, 11, 'Chris', 'Nguyen'),
  (12, 12, 'Drew', 'Kim'),
  (13, 13, 'Quinn', 'Martinez'),
  (14, 14, 'Sam', 'Hernandez'),
  (15, 15, 'Cameron', 'Rivera'),
  (16, 16, 'Alex', 'Parker'),
  (17, 17, 'Jordan', 'Torres'),
  (18, 18, 'Taylor', 'Ramirez'),
  (19, 19, 'Morgan', 'Hughes'),
  (20, 20, 'Casey', 'Foster'),
  (21, 21, 'Riley', 'Brooks'),
  (22, 22, 'Jamie', 'Ross'),
  (23, 23, 'Avery', 'Price'),
  (24, 24, 'Rowan', 'Bell'),
  (25, 25, 'Parker', 'Ward'),
  (26, 26, 'Chris', 'Kelly'),
  (27, 27, 'Drew', 'Gray'),
  (28, 28, 'Quinn', 'Bryant'),
  (29, 29, 'Sam', 'Howard'),
  (30, 30, 'Cameron', 'Stone'),
  (31, 31, 'Alex', 'Cooper'),
  (32, 32, 'Jordan', 'Reed'),
  (33, 33, 'Taylor', 'Cook'),
  (34, 34, 'Morgan', 'Bell'),
  (35, 35, 'Casey', 'Adams'),
  (36, 36, 'Riley', 'Fisher'),
  (37, 37, 'Jamie', 'Hunt'),
  (38, 38, 'Avery', 'Ford'),
  (39, 39, 'Rowan', 'Powell'),
  (40, 40, 'Parker', 'Barnes'),
  (41, 41, 'Chris', 'Long'),
  (42, 42, 'Drew', 'West'),
  (43, 43, 'Quinn', 'Hayes'),
  (44, 44, 'Sam', 'Warren'),
  (45, 45, 'Cameron', 'Hart'),
  (46, 46, 'Alex', 'Lane'),
  (47, 47, 'Jordan', 'Cole'),
  (48, 48, 'Taylor', 'Dean'),
  (49, 49, 'Morgan', 'Sims'),
  (50, 50, 'Casey', 'Payne'),
  (51, 51, 'Riley', 'Lowe'),
  (52, 52, 'Jamie', 'Page'),
  (53, 53, 'Avery', 'Marsh'),
  (54, 54, 'Rowan', 'Watts'),
  (55, 55, 'Parker', 'Boyd'),
  (56, 56, 'Chris', 'Paul'),
  (57, 57, 'Drew', 'Neal'),
  (58, 58, 'Quinn', 'Todd'),
  (59, 59, 'Sam', 'Hale'),
  (60, 60, 'Cameron', 'Roy'),
  -- Extra guests sharing parties 1-20 (families / same party)
  (61, 1, 'Emily', 'Smith'),
  (62, 2, 'Liam', 'Lee'),
  (63, 3, 'Olivia', 'Brown'),
  (64, 4, 'Noah', 'Davis'),
  (65, 5, 'Ava', 'Johnson'),
  (66, 6, 'Ethan', 'Garcia'),
  (67, 7, 'Mia', 'Wilson'),
  (68, 8, 'Lucas', 'Clark'),
  (69, 9, 'Isabella', 'Lopez'),
  (70, 10, 'Mason', 'Patel'),
  (71, 11, 'Sophia', 'Nguyen'),
  (72, 12, 'Jacob', 'Kim'),
  (73, 13, 'Amelia', 'Martinez'),
  (74, 14, 'Logan', 'Hernandez'),
  (75, 15, 'Harper', 'Rivera'),
  (76, 16, 'Elijah', 'Parker'),
  (77, 17, 'Charlotte', 'Torres'),
  (78, 18, 'Benjamin', 'Ramirez'),
  (79, 19, 'Abigail', 'Hughes'),
  (80, 20, 'Sofia', 'Foster');

-- Populate charge_type
INSERT INTO charge_type (chargeTypeId, name) VALUES
  (1, 'Room Night'),
  (2, 'Resort Fee'),
  (3, 'Parking'),
  (4, 'Restaurant'),
  (5, 'Spa');

-- Populate reservation, stay, reservation_guest, charge
INSERT INTO reservation (reservationId, partyId, dateTime) VALUES
  (1, 61, '2024-12-21 00:00:00'),
  (2, 37, '2025-02-05 00:00:00'),
  (3, 52, '2025-03-14 00:00:00'),
  (4, 70, '2025-01-29 00:00:00'),
  (5, 56, '2025-01-18 00:00:00'),
  (6, 23, '2025-03-14 00:00:00'),
  (7, 13, '2024-12-31 00:00:00'),
  (8, 55, '2025-01-19 00:00:00'),
  (9, 57, '2025-02-26 00:00:00'),
  (10, 58, '2025-02-10 00:00:00'),
  (11, 34, '2025-01-15 00:00:00'),
  (12, 68, '2025-01-06 00:00:00'),
  (13, 60, '2025-02-26 00:00:00'),
  (14, 9, '2025-02-05 00:00:00'),
  (15, 56, '2024-12-25 00:00:00'),
  (16, 32, '2025-02-19 00:00:00'),
  (17, 13, '2025-01-16 00:00:00'),
  (18, 4, '2025-02-25 00:00:00'),
  (19, 69, '2025-03-09 00:00:00'),
  (20, 4, '2025-02-24 00:00:00'),
  (21, 16, '2025-03-09 00:00:00'),
  (22, 54, '2024-12-14 00:00:00'),
  (23, 24, '2025-01-26 00:00:00'),
  (24, 64, '2025-01-19 00:00:00'),
  (25, 28, '2025-01-10 00:00:00'),
  (26, 3, '2024-12-13 00:00:00'),
  (27, 80, '2025-02-07 00:00:00'),
  (28, 57, '2025-01-17 00:00:00'),
  (29, 67, '2025-03-28 00:00:00'),
  (30, 53, '2025-02-05 00:00:00'),
  (31, 5, '2025-02-27 00:00:00'),
  (32, 26, '2025-01-16 00:00:00'),
  (33, 49, '2025-01-22 00:00:00'),
  (34, 27, '2025-02-20 00:00:00'),
  (35, 63, '2025-02-28 00:00:00'),
  (36, 18, '2024-12-25 00:00:00'),
  (37, 53, '2025-02-11 00:00:00'),
  (38, 6, '2025-03-02 00:00:00'),
  (39, 72, '2025-02-12 00:00:00'),
  (40, 55, '2025-02-25 00:00:00'),
  (41, 28, '2024-12-07 00:00:00'),
  (42, 13, '2025-02-06 00:00:00'),
  (43, 23, '2025-03-01 00:00:00'),
  (44, 13, '2025-01-18 00:00:00'),
  (45, 60, '2025-02-14 00:00:00'),
  (46, 71, '2025-01-18 00:00:00'),
  (47, 13, '2025-03-15 00:00:00'),
  (48, 4, '2025-02-05 00:00:00'),
  (49, 75, '2025-03-04 00:00:00'),
  (50, 13, '2024-12-12 00:00:00'),
  (51, 77, '2025-01-28 00:00:00'),
  (52, 55, '2025-01-04 00:00:00'),
  (53, 80, '2024-12-24 00:00:00'),
  (54, 28, '2025-03-11 00:00:00'),
  (55, 61, '2025-02-27 00:00:00'),
  (56, 14, '2025-03-14 00:00:00'),
  (57, 8, '2024-12-23 00:00:00'),
  (58, 10, '2025-01-30 00:00:00'),
  (59, 57, '2025-03-06 00:00:00'),
  (60, 20, '2025-01-27 00:00:00'),
  (61, 59, '2025-02-13 00:00:00'),
  (62, 19, '2025-03-20 00:00:00'),
  (63, 7, '2025-01-06 00:00:00'),
  (64, 47, '2025-02-27 00:00:00'),
  (65, 64, '2025-02-15 00:00:00'),
  (66, 75, '2024-12-04 00:00:00'),
  (67, 9, '2025-01-20 00:00:00'),
  (68, 8, '2025-02-24 00:00:00'),
  (69, 56, '2025-01-21 00:00:00'),
  (70, 7, '2024-12-24 00:00:00'),
  (71, 65, '2025-03-04 00:00:00'),
  (72, 6, '2025-03-14 00:00:00'),
  (73, 16, '2025-02-17 00:00:00'),
  (74, 30, '2025-02-13 00:00:00'),
  (75, 71, '2025-02-04 00:00:00'),
  (76, 37, '2025-02-27 00:00:00'),
  (77, 79, '2025-02-09 00:00:00'),
  (78, 33, '2025-02-21 00:00:00'),
  (79, 47, '2025-01-28 00:00:00'),
  (80, 24, '2025-01-15 00:00:00'),
  (81, 29, '2025-02-25 00:00:00'),
  (82, 6, '2025-03-01 00:00:00'),
  (83, 57, '2025-01-30 00:00:00'),
  (84, 69, '2025-01-21 00:00:00'),
  (85, 66, '2024-12-25 00:00:00'),
  (86, 80, '2025-01-29 00:00:00'),
  (87, 75, '2025-01-12 00:00:00'),
  (88, 9, '2024-12-21 00:00:00'),
  (89, 32, '2025-03-24 00:00:00'),
  (90, 61, '2024-12-21 00:00:00'),
  (91, 55, '2025-03-13 00:00:00'),
  (92, 75, '2025-01-13 00:00:00'),
  (93, 25, '2025-01-14 00:00:00'),
  (94, 32, '2025-02-26 00:00:00'),
  (95, 28, '2024-12-07 00:00:00'),
  (96, 35, '2025-02-23 00:00:00'),
  (97, 50, '2025-02-25 00:00:00'),
  (98, 9, '2025-01-05 00:00:00'),
  (99, 25, '2025-02-08 00:00:00'),
  (100, 54, '2025-02-14 00:00:00'),
  (101, 61, '2025-03-12 00:00:00'),
  (102, 11, '2025-01-12 00:00:00'),
  (103, 44, '2025-03-04 00:00:00'),
  (104, 31, '2025-02-17 00:00:00'),
  (105, 38, '2024-12-26 00:00:00'),
  (106, 75, '2025-02-20 00:00:00'),
  (107, 19, '2025-01-13 00:00:00'),
  (108, 30, '2025-02-12 00:00:00'),
  (109, 33, '2025-03-03 00:00:00'),
  (110, 66, '2025-03-06 00:00:00'),
  (111, 74, '2025-01-04 00:00:00'),
  (112, 70, '2024-12-18 00:00:00'),
  (113, 6, '2025-01-23 00:00:00'),
  (114, 47, '2025-02-28 00:00:00'),
  (115, 61, '2025-01-22 00:00:00'),
  (116, 14, '2024-12-26 00:00:00'),
  (117, 78, '2024-12-24 00:00:00'),
  (118, 74, '2025-01-11 00:00:00'),
  (119, 37, '2025-02-24 00:00:00'),
  (120, 57, '2025-01-24 00:00:00'),
  (121, 20, '2025-01-17 00:00:00'),
  (122, 8, '2025-03-06 00:00:00'),
  (123, 1, '2025-01-21 00:00:00'),
  (124, 25, '2025-02-21 00:00:00'),
  (125, 55, '2025-01-30 00:00:00'),
  (126, 57, '2025-01-01 00:00:00'),
  (127, 5, '2025-02-11 00:00:00'),
  (128, 2, '2025-02-03 00:00:00'),
  (129, 71, '2025-01-20 00:00:00'),
  (130, 27, '2024-12-29 00:00:00'),
  (131, 20, '2025-02-07 00:00:00'),
  (132, 28, '2024-12-08 00:00:00'),
  (133, 12, '2025-03-07 00:00:00'),
  (134, 10, '2025-01-15 00:00:00'),
  (135, 19, '2024-12-30 00:00:00'),
  (136, 1, '2025-03-09 00:00:00'),
  (137, 37, '2025-03-22 00:00:00'),
  (138, 5, '2025-01-02 00:00:00'),
  (139, 26, '2025-03-05 00:00:00'),
  (140, 55, '2025-01-12 00:00:00'),
  (141, 52, '2025-01-13 00:00:00'),
  (142, 55, '2025-02-12 00:00:00'),
  (143, 76, '2025-01-06 00:00:00'),
  (144, 42, '2025-03-14 00:00:00'),
  (145, 28, '2024-12-16 00:00:00'),
  (146, 62, '2025-01-29 00:00:00'),
  (147, 37, '2025-01-31 00:00:00'),
  (148, 12, '2024-12-31 00:00:00'),
  (149, 36, '2024-12-14 00:00:00'),
  (150, 6, '2025-01-31 00:00:00'),
  (151, 55, '2025-02-21 00:00:00'),
  (152, 55, '2025-02-19 00:00:00'),
  (153, 53, '2025-02-21 00:00:00'),
  (154, 4, '2025-01-03 00:00:00'),
  (155, 33, '2025-03-02 00:00:00'),
  (156, 3, '2025-01-21 00:00:00'),
  (157, 58, '2025-02-02 00:00:00'),
  (158, 70, '2025-01-28 00:00:00'),
  (159, 9, '2025-02-24 00:00:00'),
  (160, 49, '2025-01-09 00:00:00');

INSERT INTO stay (stayId, reservationId, roomId, checkInTime, checkoutTime) VALUES
  (1, 1, 20, '2025-01-16 15:00:00', '2025-01-19 11:00:00'),
  (2, 2, 37, '2025-03-02 15:00:00', '2025-03-05 11:00:00'),
  (3, 3, 40, '2025-03-22 15:00:00', '2025-03-23 11:00:00'),
  (4, 4, 29, '2025-02-04 15:00:00', '2025-02-07 11:00:00'),
  (5, 5, 28, '2025-01-19 15:00:00', '2025-01-20 11:00:00'),
  (6, 6, 17, '2025-03-22 15:00:00', '2025-03-23 11:00:00'),
  (7, 7, 30, '2025-01-17 15:00:00', '2025-01-18 11:00:00'),
  (8, 8, 19, '2025-02-16 15:00:00', '2025-02-19 11:00:00'),
  (9, 9, 1, '2025-02-28 15:00:00', '2025-03-04 11:00:00'),
  (10, 10, 8, '2025-02-26 15:00:00', '2025-03-01 11:00:00'),
  (11, 11, 6, '2025-01-16 15:00:00', '2025-01-20 11:00:00'),
  (12, 12, 34, '2025-01-28 15:00:00', '2025-01-31 11:00:00'),
  (13, 13, 42, '2025-03-18 15:00:00', '2025-03-21 11:00:00'),
  (14, 14, 26, '2025-03-01 15:00:00', '2025-03-05 11:00:00'),
  (15, 15, 7, '2025-01-07 15:00:00', '2025-01-10 11:00:00'),
  (16, 16, 3, '2025-02-26 15:00:00', '2025-02-28 11:00:00'),
  (17, 17, 3, '2025-02-15 15:00:00', '2025-02-17 11:00:00'),
  (18, 18, 17, '2025-03-24 15:00:00', '2025-03-25 11:00:00'),
  (19, 19, 19, '2025-03-19 15:00:00', '2025-03-21 11:00:00'),
  (20, 20, 3, '2025-03-03 15:00:00', '2025-03-07 11:00:00'),
  (21, 21, 49, '2025-03-13 15:00:00', '2025-03-17 11:00:00'),
  (22, 22, 19, '2025-01-10 15:00:00', '2025-01-11 11:00:00'),
  (23, 23, 15, '2025-02-16 15:00:00', '2025-02-20 11:00:00'),
  (24, 24, 33, '2025-02-03 15:00:00', '2025-02-05 11:00:00'),
  (25, 25, 60, '2025-01-23 15:00:00', '2025-01-27 11:00:00'),
  (26, 26, 11, '2025-01-01 15:00:00', '2025-01-03 11:00:00'),
  (27, 27, 16, '2025-02-10 15:00:00', '2025-02-11 11:00:00'),
  (28, 28, 5, '2025-02-13 15:00:00', '2025-02-17 11:00:00'),
  (29, 29, 42, '2025-03-31 15:00:00', '2025-04-04 11:00:00'),
  (30, 30, 4, '2025-03-01 15:00:00', '2025-03-02 11:00:00'),
  (31, 31, 17, '2025-03-29 15:00:00', '2025-03-30 11:00:00'),
  (32, 32, 22, '2025-02-01 15:00:00', '2025-02-04 11:00:00'),
  (33, 33, 52, '2025-02-06 15:00:00', '2025-02-08 11:00:00'),
  (34, 34, 53, '2025-03-19 15:00:00', '2025-03-22 11:00:00'),
  (35, 35, 54, '2025-03-17 15:00:00', '2025-03-19 11:00:00'),
  (36, 36, 16, '2025-01-21 15:00:00', '2025-01-24 11:00:00'),
  (37, 37, 1, '2025-02-26 15:00:00', '2025-03-02 11:00:00'),
  (38, 38, 46, '2025-03-08 15:00:00', '2025-03-11 11:00:00'),
  (39, 39, 54, '2025-03-13 15:00:00', '2025-03-16 11:00:00'),
  (40, 40, 59, '2025-03-23 15:00:00', '2025-03-25 11:00:00'),
  (41, 41, 21, '2025-01-06 15:00:00', '2025-01-07 11:00:00'),
  (42, 42, 18, '2025-03-02 15:00:00', '2025-03-04 11:00:00'),
  (43, 43, 14, '2025-03-03 15:00:00', '2025-03-04 11:00:00'),
  (44, 44, 21, '2025-02-10 15:00:00', '2025-02-13 11:00:00'),
  (45, 45, 44, '2025-03-14 15:00:00', '2025-03-17 11:00:00'),
  (46, 46, 36, '2025-02-06 15:00:00', '2025-02-10 11:00:00'),
  (47, 47, 5, '2025-03-16 15:00:00', '2025-03-18 11:00:00'),
  (48, 48, 43, '2025-02-24 15:00:00', '2025-02-27 11:00:00'),
  (49, 49, 53, '2025-03-08 15:00:00', '2025-03-10 11:00:00'),
  (50, 50, 51, '2025-01-05 15:00:00', '2025-01-06 11:00:00'),
  (51, 51, 34, '2025-02-12 15:00:00', '2025-02-13 11:00:00'),
  (52, 52, 48, '2025-01-24 15:00:00', '2025-01-28 11:00:00'),
  (53, 53, 17, '2025-01-11 15:00:00', '2025-01-15 11:00:00'),
  (54, 54, 34, '2025-03-30 15:00:00', '2025-03-31 11:00:00'),
  (55, 55, 3, '2025-03-24 15:00:00', '2025-03-27 11:00:00'),
  (56, 56, 50, '2025-03-27 15:00:00', '2025-03-31 11:00:00'),
  (57, 57, 47, '2025-01-02 15:00:00', '2025-01-03 11:00:00'),
  (58, 58, 36, '2025-02-23 15:00:00', '2025-02-27 11:00:00'),
  (59, 59, 31, '2025-03-12 15:00:00', '2025-03-16 11:00:00'),
  (60, 60, 40, '2025-01-31 15:00:00', '2025-02-01 11:00:00'),
  (61, 61, 27, '2025-02-18 15:00:00', '2025-02-21 11:00:00'),
  (62, 62, 32, '2025-03-29 15:00:00', '2025-03-30 11:00:00'),
  (63, 63, 31, '2025-01-20 15:00:00', '2025-01-23 11:00:00'),
  (64, 64, 59, '2025-03-18 15:00:00', '2025-03-20 11:00:00'),
  (65, 65, 15, '2025-03-10 15:00:00', '2025-03-13 11:00:00'),
  (66, 66, 48, '2025-01-01 15:00:00', '2025-01-05 11:00:00'),
  (67, 67, 35, '2025-01-29 15:00:00', '2025-01-30 11:00:00'),
  (68, 68, 26, '2025-03-12 15:00:00', '2025-03-15 11:00:00'),
  (69, 69, 13, '2025-02-02 15:00:00', '2025-02-05 11:00:00'),
  (70, 70, 57, '2025-01-07 15:00:00', '2025-01-10 11:00:00'),
  (71, 71, 14, '2025-03-24 15:00:00', '2025-03-25 11:00:00'),
  (72, 72, 15, '2025-03-21 15:00:00', '2025-03-24 11:00:00'),
  (73, 73, 50, '2025-03-06 15:00:00', '2025-03-08 11:00:00'),
  (74, 74, 17, '2025-03-06 15:00:00', '2025-03-07 11:00:00'),
  (75, 75, 10, '2025-02-27 15:00:00', '2025-02-28 11:00:00'),
  (76, 76, 55, '2025-03-29 15:00:00', '2025-04-02 11:00:00'),
  (77, 77, 10, '2025-03-01 15:00:00', '2025-03-02 11:00:00'),
  (78, 78, 56, '2025-02-28 15:00:00', '2025-03-04 11:00:00'),
  (79, 79, 8, '2025-01-29 15:00:00', '2025-02-02 11:00:00'),
  (80, 80, 12, '2025-02-11 15:00:00', '2025-02-12 11:00:00'),
  (81, 81, 50, '2025-03-27 15:00:00', '2025-03-31 11:00:00'),
  (82, 82, 37, '2025-03-17 15:00:00', '2025-03-18 11:00:00'),
  (83, 83, 59, '2025-02-25 15:00:00', '2025-02-26 11:00:00'),
  (84, 84, 5, '2025-01-22 15:00:00', '2025-01-24 11:00:00'),
  (85, 85, 60, '2025-01-16 15:00:00', '2025-01-19 11:00:00'),
  (86, 86, 50, '2025-02-20 15:00:00', '2025-02-21 11:00:00'),
  (87, 87, 13, '2025-01-19 15:00:00', '2025-01-20 11:00:00'),
  (88, 88, 49, '2025-01-19 15:00:00', '2025-01-20 11:00:00'),
  (89, 89, 16, '2025-03-28 15:00:00', '2025-03-29 11:00:00'),
  (90, 90, 36, '2025-01-08 15:00:00', '2025-01-10 11:00:00'),
  (91, 91, 4, '2025-03-27 15:00:00', '2025-03-31 11:00:00'),
  (92, 92, 5, '2025-01-27 15:00:00', '2025-01-31 11:00:00'),
  (93, 93, 30, '2025-02-12 15:00:00', '2025-02-16 11:00:00'),
  (94, 94, 40, '2025-03-24 15:00:00', '2025-03-26 11:00:00'),
  (95, 95, 24, '2025-01-05 15:00:00', '2025-01-06 11:00:00'),
  (96, 96, 3, '2025-03-15 15:00:00', '2025-03-18 11:00:00'),
  (97, 97, 1, '2025-03-16 15:00:00', '2025-03-17 11:00:00'),
  (98, 98, 3, '2025-01-31 15:00:00', '2025-02-04 11:00:00'),
  (99, 99, 37, '2025-03-07 15:00:00', '2025-03-09 11:00:00'),
  (100, 100, 12, '2025-03-06 15:00:00', '2025-03-07 11:00:00'),
  (101, 101, 51, '2025-03-19 15:00:00', '2025-03-21 11:00:00'),
  (102, 102, 17, '2025-02-04 15:00:00', '2025-02-05 11:00:00'),
  (103, 103, 54, '2025-03-10 15:00:00', '2025-03-11 11:00:00'),
  (104, 104, 53, '2025-03-08 15:00:00', '2025-03-09 11:00:00'),
  (105, 105, 52, '2025-01-06 15:00:00', '2025-01-10 11:00:00'),
  (106, 106, 24, '2025-02-28 15:00:00', '2025-03-01 11:00:00'),
  (107, 107, 37, '2025-01-26 15:00:00', '2025-01-29 11:00:00'),
  (108, 108, 37, '2025-02-13 15:00:00', '2025-02-14 11:00:00'),
  (109, 109, 50, '2025-03-19 15:00:00', '2025-03-20 11:00:00'),
  (110, 110, 43, '2025-03-30 15:00:00', '2025-03-31 11:00:00'),
  (111, 111, 9, '2025-01-11 15:00:00', '2025-01-12 11:00:00'),
  (112, 112, 7, '2025-01-06 15:00:00', '2025-01-10 11:00:00'),
  (113, 113, 15, '2025-02-02 15:00:00', '2025-02-03 11:00:00'),
  (114, 114, 43, '2025-03-28 15:00:00', '2025-03-31 11:00:00'),
  (115, 115, 1, '2025-02-21 15:00:00', '2025-02-25 11:00:00'),
  (116, 116, 3, '2025-01-08 15:00:00', '2025-01-10 11:00:00'),
  (117, 117, 16, '2025-01-19 15:00:00', '2025-01-23 11:00:00'),
  (118, 118, 10, '2025-01-23 15:00:00', '2025-01-27 11:00:00'),
  (119, 119, 35, '2025-03-08 15:00:00', '2025-03-09 11:00:00'),
  (120, 120, 5, '2025-01-27 15:00:00', '2025-01-29 11:00:00'),
  (121, 121, 46, '2025-02-16 15:00:00', '2025-02-20 11:00:00'),
  (122, 122, 14, '2025-03-18 15:00:00', '2025-03-22 11:00:00'),
  (123, 123, 56, '2025-02-10 15:00:00', '2025-02-12 11:00:00'),
  (124, 124, 14, '2025-03-11 15:00:00', '2025-03-12 11:00:00'),
  (125, 125, 51, '2025-02-14 15:00:00', '2025-02-16 11:00:00'),
  (126, 126, 31, '2025-01-02 15:00:00', '2025-01-03 11:00:00'),
  (127, 127, 36, '2025-02-14 15:00:00', '2025-02-16 11:00:00'),
  (128, 128, 28, '2025-02-07 15:00:00', '2025-02-10 11:00:00'),
  (129, 129, 57, '2025-02-11 15:00:00', '2025-02-12 11:00:00'),
  (130, 130, 35, '2025-01-27 15:00:00', '2025-01-28 11:00:00'),
  (131, 131, 45, '2025-03-08 15:00:00', '2025-03-09 11:00:00'),
  (132, 132, 17, '2025-01-06 15:00:00', '2025-01-07 11:00:00'),
  (133, 133, 33, '2025-03-17 15:00:00', '2025-03-19 11:00:00'),
  (134, 134, 38, '2025-01-27 15:00:00', '2025-01-29 11:00:00'),
  (135, 135, 29, '2025-01-05 15:00:00', '2025-01-07 11:00:00'),
  (136, 136, 38, '2025-03-28 15:00:00', '2025-04-01 11:00:00'),
  (137, 137, 19, '2025-03-29 15:00:00', '2025-04-02 11:00:00'),
  (138, 138, 28, '2025-01-09 15:00:00', '2025-01-13 11:00:00'),
  (139, 139, 14, '2025-03-14 15:00:00', '2025-03-16 11:00:00'),
  (140, 140, 35, '2025-01-14 15:00:00', '2025-01-15 11:00:00'),
  (141, 141, 36, '2025-01-28 15:00:00', '2025-01-30 11:00:00'),
  (142, 142, 6, '2025-02-26 15:00:00', '2025-02-28 11:00:00'),
  (143, 143, 13, '2025-01-30 15:00:00', '2025-02-02 11:00:00'),
  (144, 144, 8, '2025-03-29 15:00:00', '2025-04-02 11:00:00'),
  (145, 145, 37, '2025-01-09 15:00:00', '2025-01-13 11:00:00'),
  (146, 146, 28, '2025-02-26 15:00:00', '2025-02-28 11:00:00'),
  (147, 147, 33, '2025-02-10 15:00:00', '2025-02-11 11:00:00'),
  (148, 148, 28, '2025-01-23 15:00:00', '2025-01-24 11:00:00'),
  (149, 149, 47, '2025-01-08 15:00:00', '2025-01-11 11:00:00'),
  (150, 150, 29, '2025-02-07 15:00:00', '2025-02-09 11:00:00'),
  (151, 151, 9, '2025-03-21 15:00:00', '2025-03-24 11:00:00'),
  (152, 152, 31, '2025-03-09 15:00:00', '2025-03-11 11:00:00'),
  (153, 153, 41, '2025-02-23 15:00:00', '2025-02-24 11:00:00'),
  (154, 154, 54, '2025-01-13 15:00:00', '2025-01-17 11:00:00'),
  (155, 155, 35, '2025-03-22 15:00:00', '2025-03-23 11:00:00'),
  (156, 156, 8, '2025-01-23 15:00:00', '2025-01-25 11:00:00'),
  (157, 157, 37, '2025-03-04 15:00:00', '2025-03-06 11:00:00'),
  (158, 158, 58, '2025-02-09 15:00:00', '2025-02-10 11:00:00'),
  (159, 159, 30, '2025-03-03 15:00:00', '2025-03-04 11:00:00'),
  (160, 160, 18, '2025-01-30 15:00:00', '2025-01-31 11:00:00');

INSERT INTO reservation_guest (reservationId, guestId, role) VALUES
  (1, 61, 'Primary'),
  (2, 37, 'Primary'),
  (3, 52, 'Primary'),
  (4, 70, 'Primary'),
  (5, 56, 'Primary'),
  (6, 23, 'Primary'),
  (7, 13, 'Primary'),
  (8, 55, 'Primary'),
  (9, 57, 'Primary'),
  (10, 58, 'Primary'),
  (11, 34, 'Primary'),
  (12, 68, 'Primary'),
  (13, 60, 'Primary'),
  (14, 9, 'Primary'),
  (15, 56, 'Primary'),
  (16, 32, 'Primary'),
  (17, 13, 'Primary'),
  (18, 4, 'Primary'),
  (19, 69, 'Primary'),
  (20, 4, 'Primary'),
  (21, 16, 'Primary'),
  (22, 54, 'Primary'),
  (23, 24, 'Primary'),
  (24, 64, 'Primary'),
  (25, 28, 'Primary'),
  (26, 3, 'Primary'),
  (27, 80, 'Primary'),
  (28, 57, 'Primary'),
  (29, 67, 'Primary'),
  (30, 53, 'Primary'),
  (31, 5, 'Primary'),
  (32, 26, 'Primary'),
  (33, 49, 'Primary'),
  (34, 27, 'Primary'),
  (35, 63, 'Primary'),
  (36, 18, 'Primary'),
  (37, 53, 'Primary'),
  (38, 6, 'Primary'),
  (39, 72, 'Primary'),
  (40, 55, 'Primary'),
  (41, 28, 'Primary'),
  (42, 13, 'Primary'),
  (43, 23, 'Primary'),
  (44, 13, 'Primary'),
  (45, 60, 'Primary'),
  (46, 71, 'Primary'),
  (47, 13, 'Primary'),
  (48, 4, 'Primary'),
  (49, 75, 'Primary'),
  (50, 13, 'Primary'),
  (51, 77, 'Primary'),
  (52, 55, 'Primary'),
  (53, 80, 'Primary'),
  (54, 28, 'Primary'),
  (55, 61, 'Primary'),
  (56, 14, 'Primary'),
  (57, 8, 'Primary'),
  (58, 10, 'Primary'),
  (59, 57, 'Primary'),
  (60, 20, 'Primary'),
  (61, 59, 'Primary'),
  (62, 19, 'Primary'),
  (63, 7, 'Primary'),
  (64, 47, 'Primary'),
  (65, 64, 'Primary'),
  (66, 75, 'Primary'),
  (67, 9, 'Primary'),
  (68, 8, 'Primary'),
  (69, 56, 'Primary'),
  (70, 7, 'Primary'),
  (71, 65, 'Primary'),
  (72, 6, 'Primary'),
  (73, 16, 'Primary'),
  (74, 30, 'Primary'),
  (75, 71, 'Primary'),
  (76, 37, 'Primary'),
  (77, 79, 'Primary'),
  (78, 33, 'Primary'),
  (79, 47, 'Primary'),
  (80, 24, 'Primary'),
  (81, 29, 'Primary'),
  (82, 6, 'Primary'),
  (83, 57, 'Primary'),
  (84, 69, 'Primary'),
  (85, 66, 'Primary'),
  (86, 80, 'Primary'),
  (87, 75, 'Primary'),
  (88, 9, 'Primary'),
  (89, 32, 'Primary'),
  (90, 61, 'Primary'),
  (91, 55, 'Primary'),
  (92, 75, 'Primary'),
  (93, 25, 'Primary'),
  (94, 32, 'Primary'),
  (95, 28, 'Primary'),
  (96, 35, 'Primary'),
  (97, 50, 'Primary'),
  (98, 9, 'Primary'),
  (99, 25, 'Primary'),
  (100, 54, 'Primary'),
  (101, 61, 'Primary'),
  (102, 11, 'Primary'),
  (103, 44, 'Primary'),
  (104, 31, 'Primary'),
  (105, 38, 'Primary'),
  (106, 75, 'Primary'),
  (107, 19, 'Primary'),
  (108, 30, 'Primary'),
  (109, 33, 'Primary'),
  (110, 66, 'Primary'),
  (111, 74, 'Primary'),
  (112, 70, 'Primary'),
  (113, 6, 'Primary'),
  (114, 47, 'Primary'),
  (115, 61, 'Primary'),
  (116, 14, 'Primary'),
  (117, 78, 'Primary'),
  (118, 74, 'Primary'),
  (119, 37, 'Primary'),
  (120, 57, 'Primary'),
  (121, 20, 'Primary'),
  (122, 8, 'Primary'),
  (123, 1, 'Primary'),
  (124, 25, 'Primary'),
  (125, 55, 'Primary'),
  (126, 57, 'Primary'),
  (127, 5, 'Primary'),
  (128, 2, 'Primary'),
  (129, 71, 'Primary'),
  (130, 27, 'Primary'),
  (131, 20, 'Primary'),
  (132, 28, 'Primary'),
  (133, 12, 'Primary'),
  (134, 10, 'Primary'),
  (135, 19, 'Primary'),
  (136, 1, 'Primary'),
  (137, 37, 'Primary'),
  (138, 5, 'Primary'),
  (139, 26, 'Primary'),
  (140, 55, 'Primary'),
  (141, 52, 'Primary'),
  (142, 55, 'Primary'),
  (143, 76, 'Primary'),
  (144, 42, 'Primary'),
  (145, 28, 'Primary'),
  (146, 62, 'Primary'),
  (147, 37, 'Primary'),
  (148, 12, 'Primary'),
  (149, 36, 'Primary'),
  (150, 6, 'Primary'),
  (151, 55, 'Primary'),
  (152, 55, 'Primary'),
  (153, 53, 'Primary'),
  (154, 4, 'Primary'),
  (155, 33, 'Primary'),
  (156, 3, 'Primary'),
  (157, 58, 'Primary'),
  (158, 71, 'Primary'),
  (159, 29, 'Primary'),
  (160, 41, 'Primary'),
  (142, 52, 'Primary'),
  (143, 75, 'Primary'),
  (144, 43, 'Primary'),
  (145, 27, 'Primary'),
  (146, 52, 'Primary'),
  (147, 36, 'Primary'),
  (148, 22, 'Primary'),
  (149, 46, 'Primary'),
  (150, 62, 'Primary'),
  (151, 35, 'Primary'),
  (152, 52, 'Primary'),
  (153, 13, 'Primary'),
  (154, 41, 'Primary'),
  (155, 23, 'Primary'),
  (156, 12, 'Primary'),
  (157, 9, 'Primary'),
  (158, 6, 'Primary'),
  (159, 5, 'Primary'),
  (160, 44, 'Primary');

INSERT INTO charge (chargeId, reservationId, chargeTypeId, description, cost, dateTime, splitCharge) VALUES
  (1, 1, 1, 'Room night charges', 960.00, '2025-01-16 15:00:00', 0),
  (2, 1, 2, 'Resort fee', 75.00, '2025-01-16 15:05:00', 0),
  (3, 2, 1, 'Room night charges', 540.00, '2025-03-02 15:00:00', 0),
  (4, 2, 2, 'Resort fee', 75.00, '2025-03-02 15:05:00', 0),
  (5, 3, 1, 'Room night charges', 320.00, '2025-03-22 15:00:00', 0),
  (6, 3, 2, 'Resort fee', 25.00, '2025-03-22 15:05:00', 0),
  (7, 4, 1, 'Room night charges', 690.00, '2025-02-04 15:00:00', 0),
  (8, 4, 2, 'Resort fee', 75.00, '2025-02-04 15:05:00', 0),
  (9, 5, 1, 'Room night charges', 190.00, '2025-01-19 15:00:00', 0),
  (10, 5, 2, 'Resort fee', 25.00, '2025-01-19 15:05:00', 0),
  (11, 6, 1, 'Room night charges', 180.00, '2025-03-22 15:00:00', 0),
  (12, 6, 2, 'Resort fee', 25.00, '2025-03-22 15:05:00', 0),
  (13, 7, 1, 'Room night charges', 320.00, '2025-01-17 15:00:00', 0),
  (14, 7, 2, 'Resort fee', 25.00, '2025-01-17 15:05:00', 0),
  (15, 8, 1, 'Room night charges', 690.00, '2025-02-16 15:00:00', 0),
  (16, 8, 2, 'Resort fee', 75.00, '2025-02-16 15:05:00', 0),
  (17, 9, 1, 'Room night charges', 720.00, '2025-02-28 15:00:00', 0),
  (18, 9, 2, 'Resort fee', 100.00, '2025-02-28 15:05:00', 0),
  (19, 10, 1, 'Room night charges', 570.00, '2025-02-26 15:00:00', 0),
  (20, 10, 2, 'Resort fee', 75.00, '2025-02-26 15:05:00', 0),
  (21, 11, 1, 'Room night charges', 720.00, '2025-01-16 15:00:00', 0),
  (22, 11, 2, 'Resort fee', 100.00, '2025-01-16 15:05:00', 0),
  (23, 12, 1, 'Room night charges', 690.00, '2025-01-28 15:00:00', 0),
  (24, 12, 2, 'Resort fee', 75.00, '2025-01-28 15:05:00', 0),
  (25, 13, 1, 'Room night charges', 540.00, '2025-03-18 15:00:00', 0),
  (26, 13, 2, 'Resort fee', 75.00, '2025-03-18 15:05:00', 0),
  (27, 14, 1, 'Room night charges', 720.00, '2025-03-01 15:00:00', 0),
  (28, 14, 2, 'Resort fee', 100.00, '2025-03-01 15:05:00', 0),
  (29, 15, 1, 'Room night charges', 540.00, '2025-01-07 15:00:00', 0),
  (30, 15, 2, 'Resort fee', 75.00, '2025-01-07 15:05:00', 0),
  (31, 16, 1, 'Room night charges', 380.00, '2025-02-26 15:00:00', 0),
  (32, 16, 2, 'Resort fee', 50.00, '2025-02-26 15:05:00', 0),
  (33, 17, 1, 'Room night charges', 380.00, '2025-02-15 15:00:00', 0),
  (34, 17, 2, 'Resort fee', 50.00, '2025-02-15 15:05:00', 0),
  (35, 18, 1, 'Room night charges', 180.00, '2025-03-24 15:00:00', 0),
  (36, 18, 2, 'Resort fee', 25.00, '2025-03-24 15:05:00', 0),
  (37, 19, 1, 'Room night charges', 460.00, '2025-03-19 15:00:00', 0),
  (38, 19, 2, 'Resort fee', 50.00, '2025-03-19 15:05:00', 0),
  (39, 20, 1, 'Room night charges', 760.00, '2025-03-03 15:00:00', 0),
  (40, 20, 2, 'Resort fee', 100.00, '2025-03-03 15:05:00', 0),
  (41, 21, 1, 'Room night charges', 920.00, '2025-03-13 15:00:00', 0),
  (42, 21, 2, 'Resort fee', 100.00, '2025-03-13 15:05:00', 0),
  (43, 22, 1, 'Room night charges', 230.00, '2025-01-10 15:00:00', 0),
  (44, 22, 2, 'Resort fee', 25.00, '2025-01-10 15:05:00', 0),
  (45, 23, 1, 'Room night charges', 1280.00, '2025-02-16 15:00:00', 0),
  (46, 23, 2, 'Resort fee', 100.00, '2025-02-16 15:05:00', 0),
  (47, 24, 1, 'Room night charges', 380.00, '2025-02-03 15:00:00', 0),
  (48, 24, 2, 'Resort fee', 50.00, '2025-02-03 15:05:00', 0),
  (49, 25, 1, 'Room night charges', 1280.00, '2025-01-23 15:00:00', 0),
  (50, 25, 2, 'Resort fee', 100.00, '2025-01-23 15:05:00', 0),
  (51, 26, 1, 'Room night charges', 360.00, '2025-01-01 15:00:00', 0),
  (52, 26, 2, 'Resort fee', 50.00, '2025-01-01 15:05:00', 0),
  (53, 27, 1, 'Room night charges', 180.00, '2025-02-10 15:00:00', 0),
  (54, 27, 2, 'Resort fee', 25.00, '2025-02-10 15:05:00', 0),
  (55, 28, 1, 'Room night charges', 1280.00, '2025-02-13 15:00:00', 0),
  (56, 28, 2, 'Resort fee', 100.00, '2025-02-13 15:05:00', 0),
  (57, 29, 1, 'Room night charges', 720.00, '2025-03-31 15:00:00', 0),
  (58, 29, 2, 'Resort fee', 100.00, '2025-03-31 15:05:00', 0),
  (59, 30, 1, 'Room night charges', 230.00, '2025-03-01 15:00:00', 0),
  (60, 30, 2, 'Resort fee', 25.00, '2025-03-01 15:05:00', 0),
  (61, 31, 1, 'Room night charges', 180.00, '2025-03-29 15:00:00', 0),
  (62, 31, 2, 'Resort fee', 25.00, '2025-03-29 15:05:00', 0),
  (63, 32, 1, 'Room night charges', 540.00, '2025-02-01 15:00:00', 0),
  (64, 32, 2, 'Resort fee', 75.00, '2025-02-01 15:05:00', 0),
  (65, 33, 1, 'Room night charges', 360.00, '2025-02-06 15:00:00', 0),
  (66, 33, 2, 'Resort fee', 50.00, '2025-02-06 15:05:00', 0),
  (67, 34, 1, 'Room night charges', 570.00, '2025-03-19 15:00:00', 0),
  (68, 34, 2, 'Resort fee', 75.00, '2025-03-19 15:05:00', 0),
  (69, 35, 1, 'Room night charges', 460.00, '2025-03-17 15:00:00', 0),
  (70, 35, 2, 'Resort fee', 50.00, '2025-03-17 15:05:00', 0),
  (71, 36, 1, 'Room night charges', 540.00, '2025-01-21 15:00:00', 0),
  (72, 36, 2, 'Resort fee', 75.00, '2025-01-21 15:05:00', 0),
  (73, 37, 1, 'Room night charges', 720.00, '2025-02-26 15:00:00', 0),
  (74, 37, 2, 'Resort fee', 100.00, '2025-02-26 15:05:00', 0),
  (75, 38, 1, 'Room night charges', 540.00, '2025-03-08 15:00:00', 0),
  (76, 38, 2, 'Resort fee', 75.00, '2025-03-08 15:05:00', 0),
  (77, 39, 1, 'Room night charges', 690.00, '2025-03-13 15:00:00', 0),
  (78, 39, 2, 'Resort fee', 75.00, '2025-03-13 15:05:00', 0),
  (79, 40, 1, 'Room night charges', 460.00, '2025-03-23 15:00:00', 0),
  (80, 40, 2, 'Resort fee', 50.00, '2025-03-23 15:05:00', 0),
  (81, 41, 1, 'Room night charges', 180.00, '2025-01-06 15:00:00', 0),
  (82, 41, 2, 'Resort fee', 25.00, '2025-01-06 15:05:00', 0),
  (83, 42, 1, 'Room night charges', 380.00, '2025-03-02 15:00:00', 0),
  (84, 42, 2, 'Resort fee', 50.00, '2025-03-02 15:05:00', 0),
  (85, 43, 1, 'Room night charges', 230.00, '2025-03-03 15:00:00', 0),
  (86, 43, 2, 'Resort fee', 25.00, '2025-03-03 15:05:00', 0),
  (87, 44, 1, 'Room night charges', 540.00, '2025-02-10 15:00:00', 0),
  (88, 44, 2, 'Resort fee', 75.00, '2025-02-10 15:05:00', 0),
  (89, 45, 1, 'Room night charges', 690.00, '2025-03-14 15:00:00', 0),
  (90, 45, 2, 'Resort fee', 75.00, '2025-03-14 15:05:00', 0),
  (91, 46, 1, 'Room night charges', 720.00, '2025-02-06 15:00:00', 0),
  (92, 46, 2, 'Resort fee', 100.00, '2025-02-06 15:05:00', 0),
  (93, 47, 1, 'Room night charges', 640.00, '2025-03-16 15:00:00', 0),
  (94, 47, 2, 'Resort fee', 50.00, '2025-03-16 15:05:00', 0),
  (95, 48, 1, 'Room night charges', 570.00, '2025-02-24 15:00:00', 0),
  (96, 48, 2, 'Resort fee', 75.00, '2025-02-24 15:05:00', 0),
  (97, 49, 1, 'Room night charges', 380.00, '2025-03-08 15:00:00', 0),
  (98, 49, 2, 'Resort fee', 50.00, '2025-03-08 15:05:00', 0),
  (99, 50, 1, 'Room night charges', 180.00, '2025-01-05 15:00:00', 0),
  (100, 50, 2, 'Resort fee', 25.00, '2025-01-05 15:05:00', 0),
  (101, 51, 1, 'Room night charges', 230.00, '2025-02-12 15:00:00', 0),
  (102, 51, 2, 'Resort fee', 25.00, '2025-02-12 15:05:00', 0),
  (103, 52, 1, 'Room night charges', 760.00, '2025-01-24 15:00:00', 0),
  (104, 52, 2, 'Resort fee', 100.00, '2025-01-24 15:05:00', 0),
  (105, 53, 1, 'Room night charges', 720.00, '2025-01-11 15:00:00', 0),
  (106, 53, 2, 'Resort fee', 100.00, '2025-01-11 15:05:00', 0),
  (107, 54, 1, 'Room night charges', 230.00, '2025-03-30 15:00:00', 0),
  (108, 54, 2, 'Resort fee', 25.00, '2025-03-30 15:05:00', 0),
  (109, 55, 1, 'Room night charges', 570.00, '2025-03-24 15:00:00', 0),
  (110, 55, 2, 'Resort fee', 75.00, '2025-03-24 15:05:00', 0),
  (111, 56, 1, 'Room night charges', 1280.00, '2025-03-27 15:00:00', 0),
  (112, 56, 2, 'Resort fee', 100.00, '2025-03-27 15:05:00', 0),
  (113, 57, 1, 'Room night charges', 180.00, '2025-01-02 15:00:00', 0),
  (114, 57, 2, 'Resort fee', 25.00, '2025-01-02 15:05:00', 0),
  (115, 58, 1, 'Room night charges', 720.00, '2025-02-23 15:00:00', 0),
  (116, 58, 2, 'Resort fee', 100.00, '2025-02-23 15:05:00', 0),
  (117, 59, 1, 'Room night charges', 720.00, '2025-03-12 15:00:00', 0),
  (118, 59, 2, 'Resort fee', 100.00, '2025-03-12 15:05:00', 0),
  (119, 60, 1, 'Room night charges', 320.00, '2025-01-31 15:00:00', 0),
  (120, 60, 2, 'Resort fee', 25.00, '2025-01-31 15:05:00', 0),
  (121, 61, 1, 'Room night charges', 540.00, '2025-02-18 15:00:00', 0),
  (122, 61, 2, 'Resort fee', 75.00, '2025-02-18 15:05:00', 0),
  (123, 62, 1, 'Room night charges', 180.00, '2025-03-29 15:00:00', 0),
  (124, 62, 2, 'Resort fee', 25.00, '2025-03-29 15:05:00', 0),
  (125, 63, 1, 'Room night charges', 540.00, '2025-01-20 15:00:00', 0),
  (126, 63, 2, 'Resort fee', 75.00, '2025-01-20 15:05:00', 0),
  (127, 64, 1, 'Room night charges', 460.00, '2025-03-18 15:00:00', 0),
  (128, 64, 2, 'Resort fee', 50.00, '2025-03-18 15:05:00', 0),
  (129, 65, 1, 'Room night charges', 960.00, '2025-03-10 15:00:00', 0),
  (130, 65, 2, 'Resort fee', 75.00, '2025-03-10 15:05:00', 0),
  (131, 66, 1, 'Room night charges', 760.00, '2025-01-01 15:00:00', 0),
  (132, 66, 2, 'Resort fee', 100.00, '2025-01-01 15:05:00', 0),
  (133, 67, 1, 'Room night charges', 320.00, '2025-01-29 15:00:00', 0),
  (134, 67, 2, 'Resort fee', 25.00, '2025-01-29 15:05:00', 0),
  (135, 68, 1, 'Room night charges', 540.00, '2025-03-12 15:00:00', 0),
  (136, 68, 2, 'Resort fee', 75.00, '2025-03-12 15:05:00', 0),
  (137, 69, 1, 'Room night charges', 570.00, '2025-02-02 15:00:00', 0),
  (138, 69, 2, 'Resort fee', 75.00, '2025-02-02 15:05:00', 0),
  (139, 70, 1, 'Room night charges', 540.00, '2025-01-07 15:00:00', 0),
  (140, 70, 2, 'Resort fee', 75.00, '2025-01-07 15:05:00', 0),
  (141, 71, 1, 'Room night charges', 230.00, '2025-03-24 15:00:00', 0),
  (142, 71, 2, 'Resort fee', 25.00, '2025-03-24 15:05:00', 0),
  (143, 72, 1, 'Room night charges', 960.00, '2025-03-21 15:00:00', 0),
  (144, 72, 2, 'Resort fee', 75.00, '2025-03-21 15:05:00', 0),
  (145, 73, 1, 'Room night charges', 640.00, '2025-03-06 15:00:00', 0),
  (146, 73, 2, 'Resort fee', 50.00, '2025-03-06 15:05:00', 0),
  (147, 74, 1, 'Room night charges', 180.00, '2025-03-06 15:00:00', 0),
  (148, 74, 2, 'Resort fee', 25.00, '2025-03-06 15:05:00', 0),
  (149, 75, 1, 'Room night charges', 320.00, '2025-02-27 15:00:00', 0),
  (150, 75, 2, 'Resort fee', 25.00, '2025-02-27 15:05:00', 0),
  (151, 76, 1, 'Room night charges', 1280.00, '2025-03-29 15:00:00', 0),
  (152, 76, 2, 'Resort fee', 100.00, '2025-03-29 15:05:00', 0),
  (153, 77, 1, 'Room night charges', 320.00, '2025-03-01 15:00:00', 0),
  (154, 77, 2, 'Resort fee', 25.00, '2025-03-01 15:05:00', 0),
  (155, 78, 1, 'Room night charges', 720.00, '2025-02-28 15:00:00', 0),
  (156, 78, 2, 'Resort fee', 100.00, '2025-02-28 15:05:00', 0),
  (157, 79, 1, 'Room night charges', 760.00, '2025-01-29 15:00:00', 0),
  (158, 79, 2, 'Resort fee', 100.00, '2025-01-29 15:05:00', 0),
  (159, 80, 1, 'Room night charges', 180.00, '2025-02-11 15:00:00', 0),
  (160, 80, 2, 'Resort fee', 25.00, '2025-02-11 15:05:00', 0),
  (161, 81, 1, 'Room night charges', 1280.00, '2025-03-27 15:00:00', 0),
  (162, 81, 2, 'Resort fee', 100.00, '2025-03-27 15:05:00', 0),
  (163, 82, 1, 'Room night charges', 180.00, '2025-03-17 15:00:00', 0),
  (164, 82, 2, 'Resort fee', 25.00, '2025-03-17 15:05:00', 0),
  (165, 83, 1, 'Room night charges', 230.00, '2025-02-25 15:00:00', 0),
  (166, 83, 2, 'Resort fee', 25.00, '2025-02-25 15:05:00', 0),
  (167, 84, 1, 'Room night charges', 640.00, '2025-01-22 15:00:00', 0),
  (168, 84, 2, 'Resort fee', 50.00, '2025-01-22 15:05:00', 0),
  (169, 85, 1, 'Room night charges', 960.00, '2025-01-16 15:00:00', 0),
  (170, 85, 2, 'Resort fee', 75.00, '2025-01-16 15:05:00', 0),
  (171, 86, 1, 'Room night charges', 320.00, '2025-02-20 15:00:00', 0),
  (172, 86, 2, 'Resort fee', 25.00, '2025-02-20 15:05:00', 0),
  (173, 87, 1, 'Room night charges', 190.00, '2025-01-19 15:00:00', 0),
  (174, 87, 2, 'Resort fee', 25.00, '2025-01-19 15:05:00', 0),
  (175, 88, 1, 'Room night charges', 230.00, '2025-01-19 15:00:00', 0),
  (176, 88, 2, 'Resort fee', 25.00, '2025-01-19 15:05:00', 0),
  (177, 89, 1, 'Room night charges', 180.00, '2025-03-28 15:00:00', 0),
  (178, 89, 2, 'Resort fee', 25.00, '2025-03-28 15:05:00', 0),
  (179, 90, 1, 'Room night charges', 360.00, '2025-01-08 15:00:00', 0),
  (180, 90, 2, 'Resort fee', 50.00, '2025-01-08 15:05:00', 0),
  (181, 91, 1, 'Room night charges', 920.00, '2025-03-27 15:00:00', 0),
  (182, 91, 2, 'Resort fee', 100.00, '2025-03-27 15:05:00', 0),
  (183, 92, 1, 'Room night charges', 1280.00, '2025-01-27 15:00:00', 0),
  (184, 92, 2, 'Resort fee', 100.00, '2025-01-27 15:05:00', 0),
  (185, 93, 1, 'Room night charges', 1280.00, '2025-02-12 15:00:00', 0),
  (186, 93, 2, 'Resort fee', 100.00, '2025-02-12 15:05:00', 0),
  (187, 94, 1, 'Room night charges', 640.00, '2025-03-24 15:00:00', 0),
  (188, 94, 2, 'Resort fee', 50.00, '2025-03-24 15:05:00', 0),
  (189, 95, 1, 'Room night charges', 230.00, '2025-01-05 15:00:00', 0),
  (190, 95, 2, 'Resort fee', 25.00, '2025-01-05 15:05:00', 0),
  (191, 96, 1, 'Room night charges', 570.00, '2025-03-15 15:00:00', 0),
  (192, 96, 2, 'Resort fee', 75.00, '2025-03-15 15:05:00', 0),
  (193, 97, 1, 'Room night charges', 180.00, '2025-03-16 15:00:00', 0),
  (194, 97, 2, 'Resort fee', 25.00, '2025-03-16 15:05:00', 0),
  (195, 98, 1, 'Room night charges', 760.00, '2025-01-31 15:00:00', 0),
  (196, 98, 2, 'Resort fee', 100.00, '2025-01-31 15:05:00', 0),
  (197, 99, 1, 'Room night charges', 360.00, '2025-03-07 15:00:00', 0),
  (198, 99, 2, 'Resort fee', 50.00, '2025-03-07 15:05:00', 0),
  (199, 100, 1, 'Room night charges', 180.00, '2025-03-06 15:00:00', 0),
  (200, 100, 2, 'Resort fee', 25.00, '2025-03-06 15:05:00', 0),
  (201, 101, 1, 'Room night charges', 360.00, '2025-03-19 15:00:00', 0),
  (202, 101, 2, 'Resort fee', 50.00, '2025-03-19 15:05:00', 0),
  (203, 102, 1, 'Room night charges', 180.00, '2025-02-04 15:00:00', 0),
  (204, 102, 2, 'Resort fee', 25.00, '2025-02-04 15:05:00', 0),
  (205, 103, 1, 'Room night charges', 230.00, '2025-03-10 15:00:00', 0),
  (206, 103, 2, 'Resort fee', 25.00, '2025-03-10 15:05:00', 0),
  (207, 104, 1, 'Room night charges', 190.00, '2025-03-08 15:00:00', 0),
  (208, 104, 2, 'Resort fee', 25.00, '2025-03-08 15:05:00', 0),
  (209, 105, 1, 'Room night charges', 720.00, '2025-01-06 15:00:00', 0),
  (210, 105, 2, 'Resort fee', 100.00, '2025-01-06 15:05:00', 0),
  (211, 106, 1, 'Room night charges', 230.00, '2025-02-28 15:00:00', 0),
  (212, 106, 2, 'Resort fee', 25.00, '2025-02-28 15:05:00', 0),
  (213, 107, 1, 'Room night charges', 540.00, '2025-01-26 15:00:00', 0),
  (214, 107, 2, 'Resort fee', 75.00, '2025-01-26 15:05:00', 0),
  (215, 108, 1, 'Room night charges', 180.00, '2025-02-13 15:00:00', 0),
  (216, 108, 2, 'Resort fee', 25.00, '2025-02-13 15:05:00', 0),
  (217, 109, 1, 'Room night charges', 320.00, '2025-03-19 15:00:00', 0),
  (218, 109, 2, 'Resort fee', 25.00, '2025-03-19 15:05:00', 0),
  (219, 110, 1, 'Room night charges', 190.00, '2025-03-30 15:00:00', 0),
  (220, 110, 2, 'Resort fee', 25.00, '2025-03-30 15:05:00', 0),
  (221, 111, 1, 'Room night charges', 230.00, '2025-01-11 15:00:00', 0),
  (222, 111, 2, 'Resort fee', 25.00, '2025-01-11 15:05:00', 0),
  (223, 112, 1, 'Room night charges', 720.00, '2025-01-06 15:00:00', 0),
  (224, 112, 2, 'Resort fee', 100.00, '2025-01-06 15:05:00', 0),
  (225, 113, 1, 'Room night charges', 320.00, '2025-02-02 15:00:00', 0),
  (226, 113, 2, 'Resort fee', 25.00, '2025-02-02 15:05:00', 0),
  (227, 114, 1, 'Room night charges', 570.00, '2025-03-28 15:00:00', 0),
  (228, 114, 2, 'Resort fee', 75.00, '2025-03-28 15:05:00', 0),
  (229, 115, 1, 'Room night charges', 720.00, '2025-02-21 15:00:00', 0),
  (230, 115, 2, 'Resort fee', 100.00, '2025-02-21 15:05:00', 0),
  (231, 116, 1, 'Room night charges', 380.00, '2025-01-08 15:00:00', 0),
  (232, 116, 2, 'Resort fee', 50.00, '2025-01-08 15:05:00', 0),
  (233, 117, 1, 'Room night charges', 720.00, '2025-01-19 15:00:00', 0),
  (234, 117, 2, 'Resort fee', 100.00, '2025-01-19 15:05:00', 0),
  (235, 118, 1, 'Room night charges', 1280.00, '2025-01-23 15:00:00', 0),
  (236, 118, 2, 'Resort fee', 100.00, '2025-01-23 15:05:00', 0),
  (237, 119, 1, 'Room night charges', 320.00, '2025-03-08 15:00:00', 0),
  (238, 119, 2, 'Resort fee', 25.00, '2025-03-08 15:05:00', 0),
  (239, 120, 1, 'Room night charges', 640.00, '2025-01-27 15:00:00', 0),
  (240, 120, 2, 'Resort fee', 50.00, '2025-01-27 15:05:00', 0),
  (241, 121, 1, 'Room night charges', 720.00, '2025-02-16 15:00:00', 0),
  (242, 121, 2, 'Resort fee', 100.00, '2025-02-16 15:05:00', 0),
  (243, 122, 1, 'Room night charges', 920.00, '2025-03-18 15:00:00', 0),
  (244, 122, 2, 'Resort fee', 100.00, '2025-03-18 15:05:00', 0),
  (245, 123, 1, 'Room night charges', 360.00, '2025-02-10 15:00:00', 0),
  (246, 123, 2, 'Resort fee', 50.00, '2025-02-10 15:05:00', 0),
  (247, 124, 1, 'Room night charges', 230.00, '2025-03-11 15:00:00', 0),
  (248, 124, 2, 'Resort fee', 25.00, '2025-03-11 15:05:00', 0),
  (249, 125, 1, 'Room night charges', 360.00, '2025-02-14 15:00:00', 0),
  (250, 125, 2, 'Resort fee', 50.00, '2025-02-14 15:05:00', 0),
  (251, 126, 1, 'Room night charges', 180.00, '2025-01-02 15:00:00', 0),
  (252, 126, 2, 'Resort fee', 25.00, '2025-01-02 15:05:00', 0),
  (253, 127, 1, 'Room night charges', 360.00, '2025-02-14 15:00:00', 0),
  (254, 127, 2, 'Resort fee', 50.00, '2025-02-14 15:05:00', 0),
  (255, 128, 1, 'Room night charges', 570.00, '2025-02-07 15:00:00', 0),
  (256, 128, 2, 'Resort fee', 75.00, '2025-02-07 15:05:00', 0),
  (257, 129, 1, 'Room night charges', 180.00, '2025-02-11 15:00:00', 0),
  (258, 129, 2, 'Resort fee', 25.00, '2025-02-11 15:05:00', 0),
  (259, 130, 1, 'Room night charges', 320.00, '2025-01-27 15:00:00', 0),
  (260, 130, 2, 'Resort fee', 25.00, '2025-01-27 15:05:00', 0),
  (261, 131, 1, 'Room night charges', 320.00, '2025-03-08 15:00:00', 0),
  (262, 131, 2, 'Resort fee', 25.00, '2025-03-08 15:05:00', 0),
  (263, 132, 1, 'Room night charges', 180.00, '2025-01-06 15:00:00', 0),
  (264, 132, 2, 'Resort fee', 25.00, '2025-01-06 15:05:00', 0),
  (265, 133, 1, 'Room night charges', 380.00, '2025-03-17 15:00:00', 0),
  (266, 133, 2, 'Resort fee', 50.00, '2025-03-17 15:05:00', 0),
  (267, 134, 1, 'Room night charges', 380.00, '2025-01-27 15:00:00', 0),
  (268, 134, 2, 'Resort fee', 50.00, '2025-01-27 15:05:00', 0),
  (269, 135, 1, 'Room night charges', 460.00, '2025-01-05 15:00:00', 0),
  (270, 135, 2, 'Resort fee', 50.00, '2025-01-05 15:05:00', 0),
  (271, 136, 1, 'Room night charges', 760.00, '2025-03-28 15:00:00', 0),
  (272, 136, 2, 'Resort fee', 100.00, '2025-03-28 15:05:00', 0),
  (273, 137, 1, 'Room night charges', 920.00, '2025-03-29 15:00:00', 0),
  (274, 137, 2, 'Resort fee', 100.00, '2025-03-29 15:05:00', 0),
  (275, 138, 1, 'Room night charges', 760.00, '2025-01-09 15:00:00', 0),
  (276, 138, 2, 'Resort fee', 100.00, '2025-01-09 15:05:00', 0),
  (277, 139, 1, 'Room night charges', 460.00, '2025-03-14 15:00:00', 0),
  (278, 139, 2, 'Resort fee', 50.00, '2025-03-14 15:05:00', 0),
  (279, 140, 1, 'Room night charges', 320.00, '2025-01-14 15:00:00', 0),
  (280, 140, 2, 'Resort fee', 25.00, '2025-01-14 15:05:00', 0),
  (281, 141, 1, 'Room night charges', 360.00, '2025-01-28 15:00:00', 0),
  (282, 141, 2, 'Resort fee', 50.00, '2025-01-28 15:05:00', 0),
  (283, 142, 1, 'Room night charges', 360.00, '2025-02-26 15:00:00', 0),
  (284, 142, 2, 'Resort fee', 50.00, '2025-02-26 15:05:00', 0),
  (285, 143, 1, 'Room night charges', 570.00, '2025-01-30 15:00:00', 0),
  (286, 143, 2, 'Resort fee', 75.00, '2025-01-30 15:05:00', 0),
  (287, 144, 1, 'Room night charges', 760.00, '2025-03-29 15:00:00', 0),
  (288, 144, 2, 'Resort fee', 100.00, '2025-03-29 15:05:00', 0),
  (289, 145, 1, 'Room night charges', 720.00, '2025-01-09 15:00:00', 0),
  (290, 145, 2, 'Resort fee', 100.00, '2025-01-09 15:05:00', 0),
  (291, 146, 1, 'Room night charges', 380.00, '2025-02-26 15:00:00', 0),
  (292, 146, 2, 'Resort fee', 50.00, '2025-02-26 15:05:00', 0),
  (293, 147, 1, 'Room night charges', 190.00, '2025-02-10 15:00:00', 0),
  (294, 147, 2, 'Resort fee', 25.00, '2025-02-10 15:05:00', 0),
  (295, 148, 1, 'Room night charges', 190.00, '2025-01-23 15:00:00', 0),
  (296, 148, 2, 'Resort fee', 25.00, '2025-01-23 15:05:00', 0),
  (297, 149, 1, 'Room night charges', 540.00, '2025-01-08 15:00:00', 0),
  (298, 149, 2, 'Resort fee', 75.00, '2025-01-08 15:05:00', 0),
  (299, 150, 1, 'Room night charges', 460.00, '2025-02-07 15:00:00', 0),
  (300, 150, 2, 'Resort fee', 50.00, '2025-02-07 15:05:00', 0),
  (301, 151, 1, 'Room night charges', 690.00, '2025-03-21 15:00:00', 0),
  (302, 151, 2, 'Resort fee', 75.00, '2025-03-21 15:05:00', 0),
  (303, 152, 1, 'Room night charges', 360.00, '2025-03-09 15:00:00', 0),
  (304, 152, 2, 'Resort fee', 50.00, '2025-03-09 15:05:00', 0),
  (305, 153, 1, 'Room night charges', 180.00, '2025-02-23 15:00:00', 0),
  (306, 153, 2, 'Resort fee', 25.00, '2025-02-23 15:05:00', 0),
  (307, 154, 1, 'Room night charges', 920.00, '2025-01-13 15:00:00', 0),
  (308, 154, 2, 'Resort fee', 100.00, '2025-01-13 15:05:00', 0),
  (309, 155, 1, 'Room night charges', 320.00, '2025-03-22 15:00:00', 0),
  (310, 155, 2, 'Resort fee', 25.00, '2025-03-22 15:05:00', 0),
  (311, 156, 1, 'Room night charges', 380.00, '2025-01-23 15:00:00', 0),
  (312, 156, 2, 'Resort fee', 50.00, '2025-01-23 15:05:00', 0),
  (313, 157, 1, 'Room night charges', 360.00, '2025-03-04 15:00:00', 0),
  (314, 157, 2, 'Resort fee', 50.00, '2025-03-04 15:05:00', 0),
  (315, 158, 1, 'Room night charges', 190.00, '2025-02-09 15:00:00', 0),
  (316, 158, 2, 'Resort fee', 25.00, '2025-02-09 15:05:00', 0),
  (317, 159, 1, 'Room night charges', 320.00, '2025-03-03 15:00:00', 0),
  (318, 159, 2, 'Resort fee', 25.00, '2025-03-03 15:05:00', 0),
  (319, 160, 1, 'Room night charges', 190.00, '2025-01-30 15:00:00', 0),
  (320, 160, 2, 'Resort fee', 25.00, '2025-01-30 15:05:00', 0);

-- Populate staff
INSERT INTO staff (staffId, firstName, lastName, occupation) VALUES
  (1, 'Taylor', 'Nguyen', 'Front Desk'),
  (2, 'Jordan', 'Kim', 'Housekeeping'),
  (3, 'Morgan', 'Lopez', 'Maintenance'),
  (4, 'Casey', 'Brown', 'Concierge'),
  (5, 'Riley', 'Patel', 'Events Manager');

-- Populate task_type
INSERT INTO task_type (taskTypeId, name) VALUES
  (1, 'Clean Room'),
  (2, 'Maintenance Request'),
  (3, 'Room Service Delivery'),
  (4, 'Mini Bar Refill');

-- Populate task
INSERT INTO task (taskId, roomId, staffId, taskTypeId) VALUES
  (1, 1, 2, 1),
  (2, 2, 2, 1),
  (3, 3, 2, 1),
  (4, 4, 2, 1),
  (5, 5, 2, 1),
  (6, 6, 2, 1),
  (7, 7, 2, 1),
  (8, 8, 2, 1),
  (9, 9, 2, 1),
  (10, 10, 2, 1),
  (11, 11, 2, 1),
  (12, 12, 2, 1),
  (13, 13, 2, 1),
  (14, 14, 2, 1),
  (15, 15, 2, 1),
  (16, 16, 2, 1),
  (17, 17, 2, 1),
  (18, 18, 2, 1),
  (19, 19, 2, 1),
  (20, 20, 2, 1);

-- Populate event and staff_event
INSERT INTO event (eventId, reservationId, roomId, guestCount) VALUES
  (1, 151, 9, 70),
  (2, 153, 17, 57),
  (3, 34, 45, 53),
  (4, 149, 5, 78),
  (5, 141, 14, 48),
  (6, 50, 49, 17),
  (7, 131, 52, 52),
  (8, 100, 47, 62),
  (9, 5, 32, 43),
  (10, 81, 58, 30);

INSERT INTO staff_event (staffId, eventId) VALUES
  (5, 1),
  (5, 2),
  (4, 2),
  (5, 3),
  (5, 4),
  (4, 4),
  (5, 5),
  (5, 6),
  (4, 6),
  (5, 7),
  (5, 8),
  (4, 8),
  (5, 9),
  (5, 10),
  (4, 10);

-- Populate guest_card
INSERT INTO guest_card (cardId, guestId, roomId, pin) VALUES
  (1, 1, 8, '8866'),
  (2, 2, 60, '7440'),
  (3, 3, 32, '8342'),
  (4, 4, 59, '6272'),
  (5, 5, 12, '8303'),
  (6, 6, 26, '8276'),
  (7, 7, 3, '2331'),
  (8, 8, 38, '2765'),
  (9, 9, 36, '6154'),
  (10, 10, 31, '2732'),
  (11, 11, 49, '9440'),
  (12, 12, 28, '8151'),
  (13, 13, 42, '2685'),
  (14, 14, 16, '6418'),
  (15, 15, 5, '3428'),
  (16, 16, 29, '5313'),
  (17, 17, 51, '1993'),
  (18, 18, 1, '1762'),
  (19, 19, 16, '1707'),
  (20, 20, 56, '8527'),
  (21, 21, 48, '7278'),
  (22, 22, 8, '5904'),
  (23, 23, 23, '9340'),
  (24, 24, 4, '1182'),
  (25, 25, 12, '1842'),
  (26, 26, 46, '3886'),
  (27, 27, 37, '6238'),
  (28, 28, 13, '2613'),
  (29, 29, 38, '9187'),
  (30, 30, 41, '5276'),
  (31, 31, 43, '1161'),
  (32, 32, 4, '1900'),
  (33, 33, 18, '3051'),
  (34, 34, 4, '2779'),
  (35, 35, 52, '9194'),
  (36, 36, 30, '4506'),
  (37, 37, 48, '6760'),
  (38, 38, 21, '9886'),
  (39, 39, 41, '4684'),
  (40, 40, 19, '9233');

-- Populate message
INSERT INTO message (messageId, guestId, message) VALUES
  (1, 1, 'Maintenance: AC checked.'),
  (2, 2, 'Extra towels requested.'),
  (3, 3, 'Extra towels requested.'),
  (4, 4, 'Maintenance: AC checked.'),
  (5, 5, 'Extra towels requested.'),
  (6, 6, 'Extra towels requested.'),
  (7, 7, 'Maintenance: AC checked.'),
  (8, 8, 'Late checkout approved.'),
  (9, 9, 'Mini bar restocked.'),
  (10, 10, 'Late checkout approved.');
